{
  "data" : [
    {
      "id" : "function-Ok",
      "type" : "function",
      "name" : "Ok"
    },
    {
      "id" : "function-Oka",
      "type" : "function",
      "name" : "Oka"
    },
    {
      "id" : "function-accept",
      "type" : "function",
      "name" : "accept"
    },
    {
      "id" : "function-acceptRecommend",
      "type" : "function",
      "name" : "acceptRecommend"
    },
    {
      "id" : "function-current_payment_info",
      "type" : "function",
      "name" : "current_payment_info"
    },
    {
      "id" : "function-get_payments",
      "type" : "function",
      "name" : "get_payments"
    },
    {
      "id" : "function-notifyIssue",
      "type" : "function",
      "name" : "notifyIssue"
    },
    {
      "id" : "function-ok",
      "type" : "function",
      "name" : "ok"
    },
    {
      "id" : "function-payment_info",
      "type" : "function",
      "name" : "payment_info"
    },
    {
      "id" : "function-recommend",
      "type" : "function",
      "name" : "recommend"
    },
    {
      "id" : "function-show_receipt",
      "type" : "function",
      "name" : "show_receipt"
    },
    {
      "id" : "function-submi",
      "type" : "function",
      "name" : "submi"
    },
    {
      "id" : "function-submit",
      "type" : "function",
      "name" : "submit"
    },
    {
      "id" : "function-submitInvoice",
      "type" : "function",
      "name" : "submitInvoice"
    },
    {
      "id" : "function-update",
      "type" : "function",
      "name" : "update"
    },
    {
      "id" : "function-yes",
      "type" : "function",
      "name" : "yes"
    },
    {
      "id" : "template-Great! Do you want to",
      "type" : "template",
      "template" : "Great! Do you want to"
    },
    {
      "id" : "template-Great! Do you want to update any other information before",
      "type" : "template",
      "template" : "Great! Do you want to update any other information before"
    },
    {
      "id" : "template-Great! Do you want to update any other information before submitting the invoice?",
      "type" : "template",
      "template" : "Great! Do you want to update any other information before submitting the invoice?"
    },
    {
      "id" : "template-Invoice {invoice_number} rejected",
      "type" : "template",
      "template" : "Invoice {invoice_number} rejected",
      "requirements" : [
        {
          "name" : "invoice_number",
          "negative" : false
        }
      ]
    },
    {
      "id" : "template-Invoice {}",
      "type" : "template",
      "template" : "Invoice {}"
    },
    {
      "id" : "template-You shipped {actual_quantity} ",
      "type" : "template",
      "template" : "You shipped {actual_quantity} ",
      "requirements" : [
        {
          "name" : "actual_quantity",
          "negative" : false
        }
      ]
    },
    {
      "id" : "template-You shipped {actual_quantity} and invoiced",
      "type" : "template",
      "template" : "You shipped {actual_quantity} and invoiced",
      "requirements" : [
        {
          "name" : "actual_quantity",
          "negative" : false
        }
      ]
    },
    {
      "id" : "template-You shipped {actual_quantity} and invoiced for ",
      "type" : "template",
      "template" : "You shipped {actual_quantity} and invoiced for ",
      "requirements" : [
        {
          "name" : "actual_quantity",
          "negative" : false
        }
      ]
    },
    {
      "id" : "template-You shipped {actual_quantity} and invoiced for 100 units",
      "type" : "template",
      "template" : "You shipped {actual_quantity} and invoiced for 100 units",
      "requirements" : [
        {
          "name" : "actual_quantity",
          "negative" : false
        }
      ]
    },
    {
      "id" : "template-You shipped {actual_quantity} and invoiced for 100 units. Do you",
      "type" : "template",
      "template" : "You shipped {actual_quantity} and invoiced for 100 units. Do you",
      "requirements" : [
        {
          "name" : "actual_quantity",
          "negative" : false
        }
      ]
    },
    {
      "id" : "template-You shipped {actual_quantity} and invoiced for 100 units. Do you want to ",
      "type" : "template",
      "template" : "You shipped {actual_quantity} and invoiced for 100 units. Do you want to ",
      "requirements" : [
        {
          "name" : "actual_quantity",
          "negative" : false
        }
      ]
    },
    {
      "id" : "template-You shipped {actual_quantity} and invoiced for 100 units. Do you want to adjust the quantity and resubmit",
      "type" : "template",
      "template" : "You shipped {actual_quantity} and invoiced for 100 units. Do you want to adjust the quantity and resubmit",
      "requirements" : [
        {
          "name" : "actual_quantity",
          "negative" : false
        }
      ]
    },
    {
      "id" : "template-You shipped {actual_quantity} and invoiced for 100 units. Do you want to adjust the quantity and resubmit the invoice?",
      "type" : "template",
      "template" : "You shipped {actual_quantity} and invoiced for 100 units. Do you want to adjust the quantity and resubmit the invoice?",
      "requirements" : [
        {
          "name" : "actual_quantity",
          "negative" : false
        }
      ]
    },
    {
      "id" : "template-You shipped {actual_quantity} and invoiced for {listed_quantity} units for Invoice {invoice_no}. Do you want to adjust the quantity and resubmit the invoice?",
      "type" : "template",
      "template" : "You shipped {actual_quantity} and invoiced for {listed_quantity} units for Invoice {invoice_no}. Do you want to adjust the quantity and resubmit the invoice?",
      "requirements" : [
        {
          "name" : "actual_quantity",
          "negative" : false
        },
        {
          "name" : "invoice_no",
          "negative" : false
        },
        {
          "name" : "listed_quantity",
          "negative" : false
        }
      ]
    },
    {
      "id" : "template-You shipped {actual_quantity} and invoiced for {listed_quantity} units for Invoice {invoice_number}. Do you want to adjust the quantity and resubmit the invoice?",
      "type" : "template",
      "template" : "You shipped {actual_quantity} and invoiced for {listed_quantity} units for Invoice {invoice_number}. Do you want to adjust the quantity and resubmit the invoice?",
      "requirements" : [
        {
          "name" : "actual_quantity",
          "negative" : false
        },
        {
          "name" : "invoice_number",
          "negative" : false
        },
        {
          "name" : "listed_quantity",
          "negative" : false
        }
      ]
    },
    {
      "id" : "template-You shipped {actual_quantity} and invoiced for {listed_quantity} units for Invoice {} Do you want to adjust the quantity and resubmit the invoice?",
      "type" : "template",
      "template" : "You shipped {actual_quantity} and invoiced for {listed_quantity} units for Invoice {} Do you want to adjust the quantity and resubmit the invoice?",
      "requirements" : [
        {
          "name" : "actual_quantity",
          "negative" : false
        },
        {
          "name" : "listed_quantity",
          "negative" : false
        }
      ]
    },
    {
      "id" : "template-You shipped {actual_quantity} and invoiced for {listed_quantity} units. Do you want to adjust the quantity and resubmit the invoice?",
      "type" : "template",
      "template" : "You shipped {actual_quantity} and invoiced for {listed_quantity} units. Do you want to adjust the quantity and resubmit the invoice?",
      "requirements" : [
        {
          "name" : "actual_quantity",
          "negative" : false
        },
        {
          "name" : "listed_quantity",
          "negative" : false
        }
      ]
    },
    {
      "id" : "template-You shipped {act}",
      "type" : "template",
      "template" : "You shipped {act}",
      "requirements" : [
        {
          "name" : "act",
          "negative" : false
        }
      ]
    }
  ]
}