{
  "data" : [
    {
      "text" : "<@U44TWM13P> accept",
      "entities" : [
        {
          "entity" : "intent",
          "value" : "\"Ok\""
        }
      ]
    },
    {
      "text" : "Are there any issues?"
    },
    {
      "text" : "I need payment information?",
      "entities" : [
        {
          "entity" : "intent",
          "value" : "\"get_payments\""
        }
      ]
    },
    {
      "text" : "OK",
      "entities" : [
        {
          "entity" : "intent",
          "value" : "\"accept\""
        }
      ]
    },
    {
      "text" : "OK accept",
      "entities" : [
        {
          "entity" : "intent",
          "value" : "\"accept\""
        }
      ]
    },
    {
      "text" : "OK adjust",
      "entities" : [
        {
          "entity" : "intent",
          "value" : "\"accept\""
        }
      ]
    },
    {
      "text" : "OKv",
      "entities" : [
        {
          "entity" : "intent",
          "value" : "\"accept\""
        }
      ]
    },
    {
      "text" : "Ok",
      "entities" : [
        {
          "entity" : "intent",
          "value" : "\"Ok\"",
          "start" : 0,
          "end" : 2
        }
      ]
    },
    {
      "text" : "Submit",
      "entities" : [
        {
          "entity" : "intent",
          "value" : "\"submitInvoice\""
        }
      ]
    },
    {
      "text" : "Update and Submit",
      "entities" : [
        {
          "entity" : "intent",
          "value" : "\"submitInvoice\""
        }
      ]
    },
    {
      "text" : "What happened to invoice 4711?",
      "entities" : [
        {
          "entity" : "intent",
          "value" : "\"recommend\""
        },
        {
          "entity" : "invoice_number",
          "value" : "\"4711\"",
          "start" : 25,
          "end" : 29
        }
      ]
    },
    {
      "text" : "What happened?",
      "entities" : [
        {
          "entity" : "intent",
          "value" : "\"recommend\""
        }
      ]
    },
    {
      "text" : "YES",
      "entities" : [
        {
          "entity" : "intent",
          "value" : "\"Ok\"",
          "start" : 0,
          "end" : 3
        }
      ]
    },
    {
      "text" : "Yes",
      "entities" : [
        {
          "entity" : "intent",
          "value" : "\"Ok\"",
          "start" : 0,
          "end" : 3
        }
      ]
    },
    {
      "text" : "accept",
      "entities" : [
        {
          "entity" : "intent",
          "value" : "\"Ok\""
        }
      ]
    },
    {
      "text" : "its ok, submit",
      "entities" : [
        {
          "entity" : "intent",
          "value" : "\"submitInvoice\"",
          "start" : 4,
          "end" : 6
        }
      ]
    },
    {
      "text" : "no thank you !",
      "entities" : [
        {
          "entity" : "intent",
          "value" : "\"final_regards\""
        }
      ]
    },
    {
      "text" : "no thanks",
      "entities" : [
        {
          "entity" : "intent",
          "value" : "\"final_regards\""
        }
      ]
    },
    {
      "text" : "no, thanks",
      "entities" : [
        {
          "entity" : "intent",
          "value" : "\"final_regards\""
        }
      ]
    },
    {
      "text" : "nope",
      "entities" : [
        {
          "entity" : "intent",
          "value" : "\"final_regards\""
        }
      ]
    },
    {
      "text" : "ok",
      "entities" : [
        {
          "entity" : "intent",
          "value" : "\"Ok\"",
          "start" : 0,
          "end" : 2
        }
      ]
    },
    {
      "text" : "okay",
      "entities" : [
        {
          "entity" : "intent",
          "value" : "\"accept\""
        }
      ]
    },
    {
      "text" : "show goods receipt",
      "entities" : [
        {
          "entity" : "intent",
          "value" : "\"show_receipt\""
        }
      ]
    },
    {
      "text" : "show receipt",
      "entities" : [
        {
          "entity" : "intent",
          "value" : "\"show_receipt\""
        }
      ]
    },
    {
      "text" : "update and submit",
      "entities" : [
        {
          "entity" : "intent",
          "value" : "\"submitInvoice\""
        }
      ]
    },
    {
      "text" : "when will I get paid?",
      "entities" : [
        {
          "entity" : "intent",
          "value" : "\"current_payment_info\""
        }
      ]
    },
    {
      "text" : "yes",
      "entities" : [
        {
          "entity" : "intent",
          "value" : "\"Ok\"",
          "start" : 0,
          "end" : 3
        }
      ]
    }
  ]
}