{
  "data" : [
    {
      "name" : "",
      "turns" : [
        {
          "user" : "Submit",
          "entities" : [
            {
              "entity" : "intent",
              "value" : "\"submitInvoice\""
            }
          ],
          "operations" : [
            {
              "action" : "function-submitInvoice"
            }
          ]
        }
      ]
    },
    {
      "name" : "",
      "turns" : [
        {
          "user" : "When will I get paid?",
          "entities" : [
            {
              "entity" : "intent",
              "value" : "\"current_payment_info\""
            }
          ],
          "operations" : [
            {
              "action" : "function-current_payment_info"
            }
          ]
        }
      ]
    },
    {
      "name" : "how about other payments?",
      "turns" : [
        {
          "user" : "how about other payments?",
          "entities" : [
            {
              "entity" : "intent",
              "value" : "\"get_payments\""
            }
          ],
          "operations" : [
            {
              "action" : "function-get_payments"
            }
          ]
        }
      ]
    },
    {
      "name" : "",
      "turns" : [
        {
          "user" : "ok",
          "entities" : [
            {
              "entity" : "intent",
              "value" : "\"Ok\"",
              "start" : 0,
              "end" : 2
            }
          ],
          "operations" : [
            {
              "action" : "function-Ok"
            }
          ]
        }
      ]
    },
    {
      "name" : "",
      "turns" : [
        {
          "user" : "no thanks",
          "entities" : [
            {
              "entity" : "intent",
              "value" : "\"final_regards\""
            }
          ],
          "operations" : [ ]
        }
      ]
    },
    {
      "name" : "",
      "turns" : [
        {
          "user" : "no thank you !",
          "entities" : [
            {
              "entity" : "intent",
              "value" : "\"final_regards\""
            }
          ],
          "operations" : [ ]
        }
      ]
    }
  ]
}