{
  "data" : {
    "lookups" : [
      "free-text",
      "keywords",
      "trait"
    ],
    "name" : "intent",
    "lang" : "en",
    "exotic" : false,
    "id" : "intent",
    "values" : [
      {
        "value" : "Ok",
        "expressions" : [
          "Ok",
          "yes"
        ]
      },
      {
        "value" : "accept"
      },
      {
        "value" : "acceptRecommend"
      },
      {
        "value" : "current_payment_info"
      },
      {
        "value" : "final_regards"
      },
      {
        "value" : "get_payments"
      },
      {
        "value" : "notifyIssue"
      },
      {
        "value" : "payment_info"
      },
      {
        "value" : "recommend"
      },
      {
        "value" : "show_receipt"
      },
      {
        "value" : "submitInvoice",
        "expressions" : [
          "ok"
        ]
      }
    ],
    "doc" : "User-defined entity",
    "builtin" : false
  }
}